{"cameraMode":{"drawMode":0,"name":"Shaded","section":"Shading Mode"},"sceneLighting":false,"audioPlay":false,"sceneViewState":{"m_AlwaysRefresh":false,"showFog":true,"showSkybox":false,"showFlares":true,"showImageEffects":true,"showParticleSystems":true,"showVisualEffectGraphs":true,"m_FxEnabled":true},"in2DMode":false,"pivot":{"x":3.2115042209625246,"y":-0.16615600883960725,"z":0.8471340537071228},"rotation":{"x":0.037540655583143237,"y":-0.955702006816864,"z":0.14004309475421906,"w":0.25617823004722597},"size":0.9793457388877869,"orthographic":false}