{"cameraMode":{"drawMode":0,"name":"Shaded","section":"Shading Mode"},"sceneLighting":false,"audioPlay":false,"sceneViewState":{"m_AlwaysRefresh":false,"showFog":true,"showSkybox":false,"showFlares":true,"showImageEffects":true,"showParticleSystems":true,"showVisualEffectGraphs":true,"m_FxEnabled":true},"in2DMode":false,"pivot":{"x":-0.06230306625366211,"y":0.5556200742721558,"z":3.0199999809265138},"rotation":{"x":0.2947038412094116,"y":0.03868779167532921,"z":-0.011942058801651001,"w":0.9547321796417236},"size":1.6077427864074708,"orthographic":false}