{"cameraMode":{"drawMode":0,"name":"Shaded","section":"Shading Mode"},"sceneLighting":false,"audioPlay":false,"sceneViewState":{"m_AlwaysRefresh":false,"showFog":true,"showSkybox":false,"showFlares":true,"showImageEffects":true,"showParticleSystems":true,"showVisualEffectGraphs":true,"m_FxEnabled":true},"in2DMode":false,"pivot":{"x":2.0169999599456789,"y":0.1374819278717041,"z":0.7950000166893005},"rotation":{"x":-0.3525635600090027,"y":0.0019622002728283407,"z":-0.0007394415442831814,"w":-0.9357864260673523},"size":0.506378710269928,"orthographic":false}