{"cameraMode":{"drawMode":0,"name":"Shaded","section":"Shading Mode"},"sceneLighting":false,"audioPlay":false,"sceneViewState":{"m_AlwaysRefresh":false,"showFog":true,"showSkybox":false,"showFlares":true,"showImageEffects":true,"showParticleSystems":true,"showVisualEffectGraphs":true,"m_FxEnabled":true},"in2DMode":false,"pivot":{"x":0.2238326072692871,"y":2.2049999237060549,"z":-2.6600000858306886},"rotation":{"x":0.4139832854270935,"y":0.13945932686328889,"z":-0.06434523314237595,"w":0.8972342014312744},"size":0.17320497334003449,"orthographic":false}